pair,cluster_a,cluster_b,ndvi_t,ndvi_p,ndvi_cohens_d,re_slope_t,re_slope_p,re_slope_cohens_d
forest_vs_soil,1,4,645.4078979492188,0.0,3.7262954711914062,428.0477294921875,0.0,2.4713551998138428
highveg_vs_soil,3,4,807.71875,0.0,4.663405418395996,634.120849609375,0.0,3.6611289978027344
forest_vs_highveg,1,3,-307.72039794921875,0.0,-1.776639461517334,-332.0876159667969,0.0,-1.9173247814178467
