label,count,fraction
-1,10364853,0.35183507421466176
0,3076258,0.10442361910327594
1,2998159,0.10177254749993618
2,2629625,0.08926265592302465
3,995273,0.033784555344764565
4,9395240,0.3189215479143369
