,seed_42,seed_59,seed_76,seed_93,seed_110,seed_127
seed_42,1.0,0.980125,0.99978656,0.99716574,0.97168356,0.9697872
seed_59,0.980125,1.0,0.9802656,0.9828844,0.9914039,0.98941505
seed_76,0.99978656,0.9802656,1.0,0.9973246,0.9718074,0.9699108
seed_93,0.99716574,0.9828844,0.9973246,1.0,0.97440857,0.97249246
seed_110,0.97168356,0.9914039,0.9718074,0.97440857,1.0,0.9979358
seed_127,0.9697872,0.98941505,0.9699108,0.97249246,0.9979358,1.0
